{
  "Model": "LSTM",
  "MAE_mean": 39.23159809112549,
  "MAE_std": 5.866214198281751,
  "RMSE_mean": 39.67175159454346,
  "RMSE_std": 5.867408564651818,
  "sMAPE_mean": 9.921416118741035,
  "sMAPE_std": 1.3774773073839288,
  "windows": 10,
  "PDT": 12,
  "lookback": 120,
  "epochs": 10,
  "hidden_size": 64,
  "num_layers": 2,
  "freq": "M"
}