{
  "Model": "LSTM",
  "MAE_mean": 21.263621648152668,
  "MAE_std": 3.2495820852541923,
  "RMSE_mean": 21.357358932495117,
  "RMSE_std": 3.2103576486132543,
  "sMAPE_mean": 5.147761541108291,
  "sMAPE_std": 0.7657392266371068,
  "windows": 6,
  "PDT": 6,
  "lookback": 60,
  "epochs": 5,
  "hidden_size": 32,
  "num_layers": 1,
  "freq": "M"
}