Model,MAE_mean,MAE_std,RMSE_mean,RMSE_std,sMAPE_mean,sMAPE_std,windows,PDT,lookback,epochs,hidden_size,num_layers,freq,dataset
LSTM,1.9831903576850891,1.0075756244909992,2.389078378677368,1.0911531044943692,14.468911165992418,6.031583427443289,6,7,30,5,32,1,D,weather_melbourne
LSTM,8.301599144935608,5.223249478312495,9.057208061218262,4.882078224961289,3.4355177699277797,2.088637183895475,6,5,30,5,32,1,D,finance_aapl
LSTM,21.545895258585613,3.2510690433803275,21.643694559733074,3.2104966310085823,5.217957993348439,0.7660751829372507,6,6,24,5,32,1,M,co2_maunaloa_monthly
