Model,MAE_mean,MAE_std,RMSE_mean,RMSE_std,sMAPE_mean,sMAPE_std,windows,PDT,lookback,epochs,hidden_size,num_layers,freq,dataset
LSTM,1.8549133439858754,0.9345870124999283,2.2718728383382163,1.0364722331107827,13.483859536548456,5.475125411198387,6,7,60,5,32,1,D,weather_melbourne
LSTM,8.8528866370519,5.464463668703648,9.566022992134094,5.142873935392757,3.6703829808781543,2.1888839803411155,6,5,60,5,32,1,D,finance_aapl
LSTM,21.263621648152668,3.2495820852541923,21.357358932495117,3.2103576486132543,5.147761541108291,0.7657392266371068,6,6,60,5,32,1,M,co2_maunaloa_monthly
