MAE_mean,MAE_std,RMSE_mean,RMSE_std,sMAPE_mean,sMAPE_std,windows,PDT,CTX,freq,dataset
1.9055444399515789,0.9181055920834247,2.3197335266681076,0.9069832278573783,13.99755236254906,5.469147978955492,6,7,120,D,weather_melbourne
3.7730616251627622,1.633223888028334,4.671531546599837,1.9566487294230024,1.5596043037881469,0.6592018079256491,6,5,120,D,finance_aapl
0.6053015814887112,0.18733480507572484,0.69028002102834,0.19772794042265826,0.14309890736301342,0.04466087146378399,6,6,120,M,co2_maunaloa_monthly
