MAE_mean,MAE_std,RMSE_mean,RMSE_std,sMAPE_mean,sMAPE_std,windows,PDT,CTX,freq,dataset
1.755418722970145,0.9528198527514695,2.143276331191549,1.0782169118149083,12.760017513535276,5.520015009774873,6,7,30,D,weather_melbourne
4.814194234212241,2.301010095362612,5.7026113905180855,2.609841837611398,1.9885778689456277,0.9172322078591212,6,5,30,D,finance_aapl
2.4812742784288195,0.21896979372561864,2.860330100429101,0.3066147286161116,0.5869856217388231,0.052605543738005696,6,6,24,M,co2_maunaloa_monthly
