dataset,prediction_length,context_length,frequency,n_shots,MAE_mean,MAE_std,RMSE_mean,RMSE_std,MAPE_mean,sMAPE_mean,sMAPE_std
weather_melbourne,30,365,D,3,2.215343901316325,0.06982693905490646,2.85500025390643,0.07014575286098879,17.927432436746816,17.414132403638455,2.42822810699821
finance_aapl,20,250,B,3,12.15627644856771,9.491354000391533,13.756670486120534,9.663661378526847,5.214158166100103,5.449099825489916,4.376163317704511
co2_maunaloa,12,180,M,3,0.6916790093315939,0.18178355576323685,0.823447854699765,0.25132633125596937,0.16329881764848342,0.16344750277863346,0.04272790504216608
