{
  "dataset": "co2_maunaloa_monthly",
  "freq": "M",
  "prediction_length": 12,
  "context_length": 180,
  "n_shots": 3,
  "MAE_mean": 1.0641856214735208,
  "MAE_std": 0.2797079930940833,
  "RMSE_mean": 1.411688940605347,
  "RMSE_std": 0.3285035688007893,
  "sMAPE_mean": 0.2511871806057022,
  "sMAPE_std": 0.06544368403921763
}