{
  "dataset": "co2_maunaloa_monthly",
  "freq": "M",
  "prediction_length": 6,
  "context_length": 120,
  "n_shots": 6,
  "MAE_mean": 0.705012054443363,
  "MAE_std": 0.48414512946809357,
  "RMSE_mean": 0.775791393843208,
  "RMSE_std": 0.5140195754460526,
  "sMAPE_mean": 0.16683296501195208,
  "sMAPE_std": 0.11504043242339679
}