{
  "MAE_mean": 2.143187447028799,
  "MAE_std": 0.6918543275493728,
  "RMSE_mean": 2.7070512099928794,
  "RMSE_std": 0.8250852296644213,
  "sMAPE_mean": 21.587837669735542,
  "sMAPE_std": 5.875898569302201,
  "windows": 8,
  "PDT": 24,
  "seasonal": false,
  "m": 1,
  "fast_mode": true
}