{
  "MAE_mean": 1.755418722970145,
  "MAE_std": 0.9528198527514695,
  "RMSE_mean": 2.143276331191549,
  "RMSE_std": 1.0782169118149083,
  "sMAPE_mean": 12.760017513535276,
  "sMAPE_std": 5.520015009774873,
  "windows": 6,
  "PDT": 7,
  "CTX": 30,
  "freq": "D"
}