{
  "MAE_mean": 1.9055444399515789,
  "MAE_std": 0.9181055920834247,
  "RMSE_mean": 2.3197335266681076,
  "RMSE_std": 0.9069832278573783,
  "sMAPE_mean": 13.99755236254906,
  "sMAPE_std": 5.469147978955492,
  "windows": 6,
  "PDT": 7,
  "CTX": 120,
  "freq": "D"
}