{
  "MAE_mean": 0.4138613217936413,
  "MAE_std": 0.16968145857657319,
  "RMSE_mean": 0.48213671264198565,
  "RMSE_std": 0.19325343749826174,
  "sMAPE_mean": 0.09926252205840741,
  "sMAPE_std": 0.041073419285497584,
  "windows": 8,
  "PDT": 12,
  "seasonal": true,
  "m": 12,
  "fast_mode": true
}