{
  "MAE_mean": 0.40838520527071864,
  "MAE_std": 0.19384458315540162,
  "RMSE_mean": 0.4863188845440595,
  "RMSE_std": 0.19715728818627692,
  "sMAPE_mean": 0.09652913835231895,
  "sMAPE_std": 0.04610156081594538,
  "windows": 6,
  "PDT": 6,
  "seasonal": true,
  "m": 12,
  "fast_mode": true
}