{
  "MAE_mean": 0.6053015814887112,
  "MAE_std": 0.18733480507572484,
  "RMSE_mean": 0.69028002102834,
  "RMSE_std": 0.19772794042265826,
  "sMAPE_mean": 0.14309890736301342,
  "sMAPE_std": 0.04466087146378399,
  "windows": 6,
  "PDT": 6,
  "CTX": 120,
  "freq": "M"
}