{
  "MAE_mean": 2.4812742784288195,
  "MAE_std": 0.21896979372561864,
  "RMSE_mean": 2.860330100429101,
  "RMSE_std": 0.3066147286161116,
  "sMAPE_mean": 0.5869856217388231,
  "sMAPE_std": 0.052605543738005696,
  "windows": 6,
  "PDT": 6,
  "CTX": 24,
  "freq": "M"
}