dataset,freq,prediction_length,context_length,n_shots,MAE_mean,MAE_std,RMSE_mean,RMSE_std,sMAPE_mean,sMAPE_std
weather_melbourne,D,7,30,6,2.059584140777588,0.8297075450828593,2.4190833697228427,1.0756764871160744,15.314718283610214,5.327618837576702
finance_aapl,D,5,30,6,4.155234527587893,1.7452229701197624,5.225401030018662,2.0037604324043246,1.7137211199073752,0.686912305488705
co2_maunaloa_monthly,M,6,24,6,1.842163408067492,0.4089561648419492,2.1531244394239035,0.4553486020672081,0.4355170065735425,0.09666362605382009
