dataset,freq,prediction_length,context_length,n_shots,MAE_mean,MAE_std,RMSE_mean,RMSE_std,sMAPE_mean,sMAPE_std
weather_melbourne,D,7,120,6,1.89849807875497,0.851889151237251,2.3568262336870367,0.9055221625661982,13.909692884163901,4.808178147984603
finance_aapl,D,5,120,6,3.556689707438153,0.8334813076646277,4.384701878224769,0.9669008461351537,1.4689565356744592,0.3139082972750921
co2_maunaloa_monthly,M,6,120,6,0.705012054443363,0.48414512946809357,0.775791393843208,0.5140195754460526,0.16683296501195208,0.11504043242339679
