{
  "MAE_mean": 4.814194234212241,
  "MAE_std": 2.301010095362612,
  "RMSE_mean": 5.7026113905180855,
  "RMSE_std": 2.609841837611398,
  "sMAPE_mean": 1.9885778689456277,
  "sMAPE_std": 0.9172322078591212,
  "windows": 6,
  "PDT": 5,
  "CTX": 30,
  "freq": "D"
}