{
  "MAE_mean": 3.7730616251627622,
  "MAE_std": 1.633223888028334,
  "RMSE_mean": 4.671531546599837,
  "RMSE_std": 1.9566487294230024,
  "sMAPE_mean": 1.5596043037881469,
  "sMAPE_std": 0.6592018079256491,
  "windows": 6,
  "PDT": 5,
  "CTX": 120,
  "freq": "D"
}