{
  "MAE_mean": 1.9498043204798845,
  "MAE_std": 0.404986990607207,
  "RMSE_mean": 2.450197406852739,
  "RMSE_std": 0.4996344448102042,
  "sMAPE_mean": 18.61190963209085,
  "sMAPE_std": 4.739608475464017,
  "windows": 22,
  "PDT": 24,
  "CTX": 720,
  "freq": "D"
}