{
  "dataset": "weather_melbourne",
  "freq": "D",
  "prediction_length": 30,
  "context_length": 365,
  "n_shots": 3,
  "MAE_mean": 2.276340667936537,
  "MAE_std": 0.18291050845781853,
  "RMSE_mean": 2.8686874634585515,
  "RMSE_std": 0.1879278256567367,
  "sMAPE_mean": 17.7168074648772,
  "sMAPE_std": 1.9131228775461204
}