{
  "dataset": "weather_melbourne",
  "freq": "D",
  "prediction_length": 7,
  "context_length": 120,
  "n_shots": 6,
  "MAE_mean": 1.89849807875497,
  "MAE_std": 0.851889151237251,
  "RMSE_mean": 2.3568262336870367,
  "RMSE_std": 0.9055221625661982,
  "sMAPE_mean": 13.909692884163901,
  "sMAPE_std": 4.808178147984603
}