{
  "dataset": "weather_melbourne",
  "freq": "D",
  "prediction_length": 7,
  "context_length": 30,
  "n_shots": 6,
  "MAE_mean": 2.059584140777588,
  "MAE_std": 0.8297075450828593,
  "RMSE_mean": 2.4190833697228427,
  "RMSE_std": 1.0756764871160744,
  "sMAPE_mean": 15.314718283610214,
  "sMAPE_std": 5.327618837576702
}