{
  "Model": "LSTM",
  "MAE_mean": 1.8549133439858754,
  "MAE_std": 0.9345870124999283,
  "RMSE_mean": 2.2718728383382163,
  "RMSE_std": 1.0364722331107827,
  "sMAPE_mean": 13.483859536548456,
  "sMAPE_std": 5.475125411198387,
  "windows": 6,
  "PDT": 7,
  "lookback": 60,
  "epochs": 5,
  "hidden_size": 32,
  "num_layers": 1,
  "freq": "D"
}