{
  "Model": "LSTM",
  "MAE_mean": 1.9831903576850891,
  "MAE_std": 1.0075756244909992,
  "RMSE_mean": 2.389078378677368,
  "RMSE_std": 1.0911531044943692,
  "sMAPE_mean": 14.468911165992418,
  "sMAPE_std": 6.031583427443289,
  "windows": 6,
  "PDT": 7,
  "lookback": 30,
  "epochs": 5,
  "hidden_size": 32,
  "num_layers": 1,
  "freq": "D"
}