dataset,freq,prediction_length,context_length,n_shots,MAE_mean,MAE_std,RMSE_mean,RMSE_std,sMAPE_mean,sMAPE_std
weather_melbourne,D,30,365,3,2.276340667936537,0.18291050845781853,2.8686874634585515,0.1879278256567367,17.7168074648772,1.9131228775461204
finance_aapl,D,20,250,3,13.39727020263672,2.9208947006780193,15.613619582737833,3.1636501564038833,5.897937947276933,1.5108650939116963
co2_maunaloa_monthly,M,12,180,3,1.0641856214735208,0.2797079930940833,1.411688940605347,0.3285035688007893,0.2511871806057022,0.06544368403921763
