{
  "dataset": "finance_aapl",
  "prediction_length": 20,
  "context_length": 250,
  "frequency": "B",
  "n_shots": 3,
  "MAE_mean": 12.15627644856771,
  "MAE_std": 9.491354000391533,
  "RMSE_mean": 13.756670486120534,
  "RMSE_std": 9.663661378526847,
  "MAPE_mean": 5.214158166100103,
  "sMAPE_mean": 5.449099825489916,
  "sMAPE_std": 4.376163317704511
}