{
  "Model": "LSTM",
  "MAE_mean": 8.8528866370519,
  "MAE_std": 5.464463668703648,
  "RMSE_mean": 9.566022992134094,
  "RMSE_std": 5.142873935392757,
  "sMAPE_mean": 3.6703829808781543,
  "sMAPE_std": 2.1888839803411155,
  "windows": 6,
  "PDT": 5,
  "lookback": 60,
  "epochs": 5,
  "hidden_size": 32,
  "num_layers": 1,
  "freq": "D"
}