{
  "Model": "LSTM",
  "MAE_mean": 2.2118961865251716,
  "MAE_std": 0.7405356617533245,
  "RMSE_mean": 2.7267047708684746,
  "RMSE_std": 0.8764933735339989,
  "sMAPE_mean": 20.917978713458236,
  "sMAPE_std": 6.342652006950723,
  "windows": 22,
  "PDT": 24,
  "lookback": 180,
  "epochs": 10,
  "hidden_size": 64,
  "num_layers": 2,
  "freq": "D"
}