MAE_mean,MAE_std,RMSE_mean,RMSE_std,sMAPE_mean,sMAPE_std,windows,PDT,CTX,freq,dataset
1.9498043204798845,0.404986990607207,2.450197406852739,0.4996344448102042,18.61190963209085,4.739608475464017,22,24,720,D,weather_melbourne
8.145380768121457,3.475786264531178,9.722077992478484,4.195352083819416,3.762647303353761,1.56346366396436,17,24,720,B,finance_aapl
0.6748687947591142,0.3527940103426742,0.7788443477909436,0.37775307422674786,0.16331546630648994,0.08749917498978232,10,12,180,M,co2_maunaloa_monthly
