{
  "MAE_mean": 8.145380768121457,
  "MAE_std": 3.475786264531178,
  "RMSE_mean": 9.722077992478484,
  "RMSE_std": 4.195352083819416,
  "sMAPE_mean": 3.762647303353761,
  "sMAPE_std": 1.56346366396436,
  "windows": 17,
  "PDT": 24,
  "CTX": 720,
  "freq": "B"
}