dataset,MAE_mean,MAE_std,RMSE_mean,RMSE_std,sMAPE_mean,sMAPE_std,windows,PDT,seasonal,m,fast_mode
weather_melbourne,2.027493829860646,1.099528109940194,2.4009424478945864,1.2272181112755691,14.83446578022536,6.6846836321371566,6,7,False,1,True
finance_aapl,3.510642455861941,1.2835222520685066,4.511171773963485,1.4483675746970184,1.4526969932897658,0.5202096513814016,6,5,False,1,True
co2_maunaloa_monthly,0.40838520527071864,0.19384458315540162,0.4863188845440595,0.19715728818627692,0.09652913835231895,0.04610156081594538,6,6,True,12,True
