dataset,MAE_mean,MAE_std,RMSE_mean,RMSE_std,sMAPE_mean,sMAPE_std,windows,PDT,seasonal,m,fast_mode
weather_melbourne,2.143187447028799,0.6918543275493728,2.7070512099928794,0.8250852296644213,21.587837669735542,5.875898569302201,8,24,False,1,True
finance_aapl,6.741961469513086,3.5269454950771784,8.495161326270214,4.914627817811198,3.1821502976637213,1.723038819445027,8,24,False,1,True
co2_maunaloa_monthly,0.4138613217936413,0.16968145857657319,0.48213671264198565,0.19325343749826174,0.09926252205840741,0.041073419285497584,8,12,True,12,True
