{
  "MAE_mean": 0.6748687947591142,
  "MAE_std": 0.3527940103426742,
  "RMSE_mean": 0.7788443477909436,
  "RMSE_std": 0.37775307422674786,
  "sMAPE_mean": 0.16331546630648994,
  "sMAPE_std": 0.08749917498978232,
  "windows": 10,
  "PDT": 12,
  "CTX": 180,
  "freq": "M"
}